<?xml version="1.0" encoding="UTF-8"?>
<DocSetNodes version="1.0">
  <TOC>
    <Node>
      <Name>Root</Name>
      <Path>index.html</Path>
      <Subnodes>
       <Node>
        <Name>Introduction</Name>
        <Path>index.html</Path>
        <Anchor>intro_sec</Anchor>
       </Node>
       <Node>
        <Name>Implementation</Name>
        <Path>index.html</Path>
        <Anchor>implementation_sec</Anchor>
       </Node>
       <Node>
        <Name>Classes</Name>
        <Path></Path>
        <Subnodes>
         <Node>
          <Name>Class List</Name>
          <Path>annotated.html</Path>
          <Subnodes>
           <Node>
            <Name>SIMAddress</Name>
            <Path>interface_s_i_m_address.html</Path>
            <Subnodes>
             <Node>
              <Name>initWithName:addressLine1:addressLine2:city:state:zip:</Name>
              <Path>interface_s_i_m_address.html</Path>
              <Anchor>aad2a41054ea983e4a634edd0b523eaac</Anchor>
             </Node>
             <Node>
              <Name>addressLine1</Name>
              <Path>interface_s_i_m_address.html</Path>
              <Anchor>ad3168454b0290b906aba941ae39487a3</Anchor>
             </Node>
             <Node>
              <Name>addressLine2</Name>
              <Path>interface_s_i_m_address.html</Path>
              <Anchor>a2ba69d434e2d044e0ed27670533a1002</Anchor>
             </Node>
             <Node>
              <Name>city</Name>
              <Path>interface_s_i_m_address.html</Path>
              <Anchor>ad0319fc60cf0b0fc7e722ca4c8c8d533</Anchor>
             </Node>
             <Node>
              <Name>country</Name>
              <Path>interface_s_i_m_address.html</Path>
              <Anchor>a4bea61951de254eeda26e8ea2466b5ce</Anchor>
             </Node>
             <Node>
              <Name>name</Name>
              <Path>interface_s_i_m_address.html</Path>
              <Anchor>a332d89cf436373e3f080528aa780dd02</Anchor>
             </Node>
             <Node>
              <Name>state</Name>
              <Path>interface_s_i_m_address.html</Path>
              <Anchor>a633a3745dfb38e77c381bb195e9f1fd5</Anchor>
             </Node>
             <Node>
              <Name>zip</Name>
              <Path>interface_s_i_m_address.html</Path>
              <Anchor>aec44a0a4956373e46f35befe35dd3e67</Anchor>
             </Node>
            </Subnodes>
           </Node>
           <Node>
            <Name>SIMCardType</Name>
            <Path>interface_s_i_m_card_type.html</Path>
            <Subnodes>
             <Node>
              <Name>cardTypeString</Name>
              <Path>interface_s_i_m_card_type.html</Path>
              <Anchor>a7d8eef36e7d0cc2851600f435cf3af42</Anchor>
             </Node>
             <Node>
              <Name>CVCLength</Name>
              <Path>interface_s_i_m_card_type.html</Path>
              <Anchor>a9f95ae781593eea59f7cabb4d697c5b6</Anchor>
             </Node>
             <Node>
              <Name>maxCardLength</Name>
              <Path>interface_s_i_m_card_type.html</Path>
              <Anchor>abb0047158408b19de59b23c916591f70</Anchor>
             </Node>
             <Node>
              <Name>minCardLength</Name>
              <Path>interface_s_i_m_card_type.html</Path>
              <Anchor>aa631192ded99fc66d62e6be3ce1758f6</Anchor>
             </Node>
            </Subnodes>
           </Node>
           <Node>
            <Name>SIMChargeCardModel</Name>
            <Path>interface_s_i_m_charge_card_model.html</Path>
            <Subnodes>
             <Node>
              <Name>isCardChargePossible</Name>
              <Path>interface_s_i_m_charge_card_model.html</Path>
              <Anchor>a61d83fdc0269622d26ad724f5f023e68</Anchor>
             </Node>
             <Node>
              <Name>isCardNumberValid</Name>
              <Path>interface_s_i_m_charge_card_model.html</Path>
              <Anchor>a6f2904800f0448ad6cd701fc4969e250</Anchor>
             </Node>
             <Node>
              <Name>isCVCCodeValid</Name>
              <Path>interface_s_i_m_charge_card_model.html</Path>
              <Anchor>adab4e53c72b8455a60d390c769b909b1</Anchor>
             </Node>
             <Node>
              <Name>isExpirationDateValid</Name>
              <Path>interface_s_i_m_charge_card_model.html</Path>
              <Anchor>a58e2c1699e7c82e56cea6a1f5648e0d6</Anchor>
             </Node>
             <Node>
              <Name>retrieveToken</Name>
              <Path>interface_s_i_m_charge_card_model.html</Path>
              <Anchor>ae8ab63d75a79febda736e63f9799c09e</Anchor>
             </Node>
             <Node>
              <Name>updateCardNumberWithString:</Name>
              <Path>interface_s_i_m_charge_card_model.html</Path>
              <Anchor>a4fa5ea6139ee1ddf2bd4b5e6182ba55d</Anchor>
             </Node>
             <Node>
              <Name>updateCVCNumberWithString:</Name>
              <Path>interface_s_i_m_charge_card_model.html</Path>
              <Anchor>ac7dda9f0b7feeb1a2b844217ac6759e8</Anchor>
             </Node>
             <Node>
              <Name>updateExpirationDateWithString:</Name>
              <Path>interface_s_i_m_charge_card_model.html</Path>
              <Anchor>af69c48aa1505535400d446767646bea2</Anchor>
             </Node>
             <Node>
              <Name>address</Name>
              <Path>interface_s_i_m_charge_card_model.html</Path>
              <Anchor>aeb8910e066039599f5bd1ca4b8e4fabc</Anchor>
             </Node>
             <Node>
              <Name>cardNumber</Name>
              <Path>interface_s_i_m_charge_card_model.html</Path>
              <Anchor>a68e56d4262e6f3d43b296119afd0d157</Anchor>
             </Node>
             <Node>
              <Name>cardType</Name>
              <Path>interface_s_i_m_charge_card_model.html</Path>
              <Anchor>a5dd15cd28ff0072d6e0c417d6c3e3ee5</Anchor>
             </Node>
             <Node>
              <Name>cardTypeString</Name>
              <Path>interface_s_i_m_charge_card_model.html</Path>
              <Anchor>ac2cab421b3fae53befef8164b197f652</Anchor>
             </Node>
             <Node>
              <Name>cvcCode</Name>
              <Path>interface_s_i_m_charge_card_model.html</Path>
              <Anchor>a7f9cb7cd8ba3840c6796c1c5dd250f70</Anchor>
             </Node>
             <Node>
              <Name>delegate</Name>
              <Path>interface_s_i_m_charge_card_model.html</Path>
              <Anchor>a21055a4b99124afa09e838a3d3918795</Anchor>
             </Node>
             <Node>
              <Name>expirationDate</Name>
              <Path>interface_s_i_m_charge_card_model.html</Path>
              <Anchor>a71357faf684421a9c32a220df8d554ef</Anchor>
             </Node>
             <Node>
              <Name>expirationMonth</Name>
              <Path>interface_s_i_m_charge_card_model.html</Path>
              <Anchor>ac77201d79004dc2218ae025981417506</Anchor>
             </Node>
             <Node>
              <Name>expirationYear</Name>
              <Path>interface_s_i_m_charge_card_model.html</Path>
              <Anchor>a4022c75fcb1f955223c207b4d1ec8fe6</Anchor>
             </Node>
             <Node>
              <Name>formattedCardNumber</Name>
              <Path>interface_s_i_m_charge_card_model.html</Path>
              <Anchor>aa79119ef520ac67efa11b3641e2bbbc0</Anchor>
             </Node>
             <Node>
              <Name>formattedExpirationDate</Name>
              <Path>interface_s_i_m_charge_card_model.html</Path>
              <Anchor>a1091214aeb994a168f43a8d3725851a4</Anchor>
             </Node>
            </Subnodes>
           </Node>
           <Node>
            <Name>&lt;SIMChargeCardModelDelegate&gt;</Name>
            <Path>protocol_s_i_m_charge_card_model_delegate-p.html</Path>
            <Subnodes>
             <Node>
              <Name>tokenFailedWithError:</Name>
              <Path>protocol_s_i_m_charge_card_model_delegate-p.html</Path>
              <Anchor>af746683601a86985246a348071a01a40</Anchor>
             </Node>
             <Node>
              <Name>tokenProcessed:</Name>
              <Path>protocol_s_i_m_charge_card_model_delegate-p.html</Path>
              <Anchor>a34e234af5f832cabf1ce822c7ed7c86a</Anchor>
             </Node>
            </Subnodes>
           </Node>
           <Node>
            <Name>SIMChargeCardViewController</Name>
            <Path>interface_s_i_m_charge_card_view_controller.html</Path>
            <Subnodes>
             <Node>
              <Name>delegate</Name>
              <Path>interface_s_i_m_charge_card_view_controller.html</Path>
              <Anchor>ac3c5f2283a00a7e71f0f544390511381</Anchor>
             </Node>
            </Subnodes>
           </Node>
           <Node>
            <Name>&lt;SIMChargeCardViewControllerDelegate&gt;</Name>
            <Path>protocol_s_i_m_charge_card_view_controller_delegate-p.html</Path>
            <Subnodes>
             <Node>
              <Name>chargeCardCancelled</Name>
              <Path>protocol_s_i_m_charge_card_view_controller_delegate-p.html</Path>
              <Anchor>a7bfc172ac410cecdd438851131b8f7ce</Anchor>
             </Node>
             <Node>
              <Name>creditCardTokenFailedWithError:</Name>
              <Path>protocol_s_i_m_charge_card_view_controller_delegate-p.html</Path>
              <Anchor>a7b4dff72cb64ee84db17e0b690a8ede6</Anchor>
             </Node>
             <Node>
              <Name>creditCardTokenProcessed:</Name>
              <Path>protocol_s_i_m_charge_card_view_controller_delegate-p.html</Path>
              <Anchor>abfcc00f4755a1724564a87a80dc8b8e8</Anchor>
             </Node>
            </Subnodes>
           </Node>
           <Node>
            <Name>SIMDigitVerifier</Name>
            <Path>interface_s_i_m_digit_verifier.html</Path>
            <Subnodes>
             <Node>
              <Name>isDigit:</Name>
              <Path>interface_s_i_m_digit_verifier.html</Path>
              <Anchor>a1f51fcc5ddca04eff388dee6bbf5c1e7</Anchor>
             </Node>
            </Subnodes>
           </Node>
           <Node>
            <Name>SIMLuhnValidator</Name>
            <Path>interface_s_i_m_luhn_validator.html</Path>
            <Subnodes>
             <Node>
              <Name>luhnValidateString:</Name>
              <Path>interface_s_i_m_luhn_validator.html</Path>
              <Anchor>ae6c34f7234950148231ed71bfccadf22</Anchor>
             </Node>
            </Subnodes>
           </Node>
           <Node>
            <Name>SIMProductViewController</Name>
            <Path>interface_s_i_m_product_view_controller.html</Path>
           </Node>
           <Node>
            <Name>SIMSimplify</Name>
            <Path>interface_s_i_m_simplify.html</Path>
            <Subnodes>
             <Node>
              <Name>CardTokenCompletionHandler</Name>
              <Path>interface_s_i_m_simplify.html</Path>
              <Anchor>adfa0ea4b604f2fd39a101931382c25e1</Anchor>
             </Node>
             <Node>
              <Name>createCardTokenWithExpirationMonth:expirationYear:cardNumber:cvc:address:completionHander:</Name>
              <Path>interface_s_i_m_simplify.html</Path>
              <Anchor>af93e60941fc96eb9a1e1799c30b8f3d1</Anchor>
             </Node>
             <Node>
              <Name>initWithPublicKey:error:</Name>
              <Path>interface_s_i_m_simplify.html</Path>
              <Anchor>ac4a31c5eed5acbc28fca394b93df22aa</Anchor>
             </Node>
             <Node>
              <Name>isLiveMode</Name>
              <Path>interface_s_i_m_simplify.html</Path>
              <Anchor>a05648565a5713a55a45fa82b41dd7e95</Anchor>
             </Node>
            </Subnodes>
           </Node>
          </Subnodes>
         </Node>
         <Node>
          <Name>Class Index</Name>
          <Path>classes.html</Path>
         </Node>
         <Node>
          <Name>Class Hierarchy</Name>
          <Path>hierarchy.html</Path>
          <Subnodes>
           <Node>
            <Name>SIMAddress</Name>
            <Path>interface_s_i_m_address.html</Path>
           </Node>
           <Node>
            <Name>SIMCardType</Name>
            <Path>interface_s_i_m_card_type.html</Path>
           </Node>
           <Node>
            <Name>SIMChargeCardModel</Name>
            <Path>interface_s_i_m_charge_card_model.html</Path>
           </Node>
           <Node>
            <Name>&lt;SIMChargeCardModelDelegate&gt;</Name>
            <Path>protocol_s_i_m_charge_card_model_delegate-p.html</Path>
           </Node>
           <Node>
            <Name>SIMChargeCardViewController</Name>
            <Path>interface_s_i_m_charge_card_view_controller.html</Path>
           </Node>
           <Node>
            <Name>&lt;SIMChargeCardViewControllerDelegate&gt;</Name>
            <Path>protocol_s_i_m_charge_card_view_controller_delegate-p.html</Path>
           </Node>
           <Node>
            <Name>SIMDigitVerifier</Name>
            <Path>interface_s_i_m_digit_verifier.html</Path>
           </Node>
           <Node>
            <Name>SIMLuhnValidator</Name>
            <Path>interface_s_i_m_luhn_validator.html</Path>
           </Node>
           <Node>
            <Name>SIMProductViewController</Name>
            <Path>interface_s_i_m_product_view_controller.html</Path>
           </Node>
           <Node>
            <Name>SIMSimplify</Name>
            <Path>interface_s_i_m_simplify.html</Path>
           </Node>
          </Subnodes>
         </Node>
         <Node>
          <Name>Class Members</Name>
          <Path>functions.html</Path>
          <Subnodes>
           <Node>
            <Name>All</Name>
            <Path>functions.html</Path>
           </Node>
           <Node>
            <Name>Functions</Name>
            <Path>functions_func.html</Path>
           </Node>
           <Node>
            <Name>Typedefs</Name>
            <Path>functions_type.html</Path>
           </Node>
           <Node>
            <Name>Properties</Name>
            <Path>functions_prop.html</Path>
           </Node>
          </Subnodes>
         </Node>
        </Subnodes>
       </Node>
       <Node>
        <Name>Files</Name>
        <Path></Path>
        <Subnodes>
         <Node>
          <Name>File List</Name>
          <Path>files.html</Path>
          <Subnodes>
           <Node>
            <Name>SimplifyMerchantSDK</Name>
            <Path>dir_956c7b2a06e6eded3bea26e68dd867c3.html</Path>
            <Subnodes>
             <Node>
              <Name>SimplifyMerchantSDK</Name>
              <Path>dir_3590dd8ce0b6562fa9ed57af13879ddc.html</Path>
              <Subnodes>
               <Node>
                <Name>NSBundle+Simplify.h</Name>
                <Path>_n_s_bundle_09_simplify_8h_source.html</Path>
               </Node>
               <Node>
                <Name>NSString+Simplify.h</Name>
                <Path>_n_s_string_09_simplify_8h_source.html</Path>
               </Node>
               <Node>
                <Name>SIMAddress.h</Name>
                <Path>_s_i_m_address_8h_source.html</Path>
               </Node>
               <Node>
                <Name>SIMButton.h</Name>
                <Path>_s_i_m_button_8h_source.html</Path>
               </Node>
               <Node>
                <Name>SIMCardType.h</Name>
                <Path>_s_i_m_card_type_8h_source.html</Path>
               </Node>
               <Node>
                <Name>SIMChargeCardModel.h</Name>
                <Path>_s_i_m_charge_card_model_8h_source.html</Path>
               </Node>
               <Node>
                <Name>SIMChargeCardViewController.h</Name>
                <Path>_s_i_m_charge_card_view_controller_8h_source.html</Path>
               </Node>
               <Node>
                <Name>SIMCreditCardToken.h</Name>
                <Path>_s_i_m_credit_card_token_8h_source.html</Path>
               </Node>
               <Node>
                <Name>SIMDigitVerifier.h</Name>
                <Path>_s_i_m_digit_verifier_8h_source.html</Path>
               </Node>
               <Node>
                <Name>SIMLuhnValidator.h</Name>
                <Path>_s_i_m_luhn_validator_8h_source.html</Path>
               </Node>
               <Node>
                <Name>Simplify.h</Name>
                <Path>_simplify_8h_source.html</Path>
               </Node>
               <Node>
                <Name>SIMResponseViewController.h</Name>
                <Path>_s_i_m_response_view_controller_8h_source.html</Path>
               </Node>
               <Node>
                <Name>SIMSimplify.h</Name>
                <Path>_s_i_m_simplify_8h_source.html</Path>
               </Node>
               <Node>
                <Name>UIColor+Simplify.h</Name>
                <Path>_u_i_color_09_simplify_8h_source.html</Path>
               </Node>
               <Node>
                <Name>UIImage+Simplify.h</Name>
                <Path>_u_i_image_09_simplify_8h_source.html</Path>
               </Node>
              </Subnodes>
             </Node>
            </Subnodes>
           </Node>
           <Node>
            <Name>SimplifySDKSampleApp</Name>
            <Path>dir_cf230b6758a2d672ee447b30203c2ac0.html</Path>
            <Subnodes>
             <Node>
              <Name>SimplifySDKSampleApp</Name>
              <Path>dir_acf37a5d4b0a4997a09861d3ab3310cc.html</Path>
              <Subnodes>
               <Node>
                <Name>SIMAppDelegate.h</Name>
                <Path>_s_i_m_app_delegate_8h.html</Path>
               </Node>
               <Node>
                <Name>SIMProductViewController.h</Name>
                <Path>_s_i_m_product_view_controller_8h_source.html</Path>
               </Node>
              </Subnodes>
             </Node>
            </Subnodes>
           </Node>
          </Subnodes>
         </Node>
        </Subnodes>
       </Node>
      </Subnodes>
    </Node>
  </TOC>
</DocSetNodes>
